{
  "$anchor": "textinput-component",
  "$schema": "https://json-schema.org/draft/2020-12/schema",
  "type": "object",
  "$merge": {
    "source": {
      "$ref": "component"
    },
    "with": {
      "required": [
        "_attempts"
      ],
      "properties": {
        "_supportedLayout": {
          "type": "string",
          "title": "Supported layout",
          "default": "both",
          "enum": [
            "full-width",
            "half-width",
            "both"
          ],
          "_adapt": {
            "editorOnly": true
          }
        },

        "_items": {
          "type": "array",
          "title": "Items",
          "items": {
            "type": "object",
            "properties": {
              "_answers": {
                "type": "array",
                "title": "Answers",
                "items": {
                  "type": "string"
                }
              },
              "prefix": {
                "type": "string",
                "title": "Prefix",
                "default": "",
                "_adapt": {
                  "translatable": true
                }
              },
              "suffix": {
                "type": "string",
                "title": "Suffix",
                "default": "",
                "_adapt": {
                  "translatable": true
                }
              },
              "placeholder": {
                "type": "string",
                "title": "Placeholder",
                "description": "Hint or expected value of the input field",
                "default": "",
                "_adapt": {
                  "translatable": true
                }
              }
            }
          }
        },
        "_attempts": {
          "type": "number",
          "title": "Allowed attempts",
          "description": "How many attempts the learner is allowed",
          "default": 1
        },
        "_canShowModelAnswer": {
          "type": "boolean",
          "title": "Enable correct answer toggle",
          "description": "Allow the user to view the 'model answer' if they answer the question incorrectly",
          "default": true
        },
        "_canShowFeedback": {
          "type": "boolean",
          "title": "Enable feedback",
          "default": true
        },
        "_canShowMarking": {
          "type": "boolean",
          "title": "Enable marking",
          "default": true
        },
        "_shouldDisplayAttempts": {
          "type": "boolean",
          "title": "Show number of remaining attempts",
          "default": false
        },
        "_recordInteraction": {
          "type": "boolean",
          "title": "Record interaction",
          "description": "If disabled, recording the user's answer(s) to this question to cmi.interactions on the LMS will be disabled for this component only",
          "default": true
        },
        "_questionWeight": {
          "type": "number",
          "title": "Question weight",
          "description": "How much this question is worth",
          "default": 1
        },
        "_allowsAnyCase": {
          "type": "boolean",
          "title": "Disable case sensitivity",
          "description": "Should the check of the user's answer(s) be case-insensitive or case-sensitive?",
          "default": false
        },
        "_allowsPunctuation": {
          "type": "boolean",
          "title": "Remove punctuation from user input",
          "default": false
        },
        "_feedback": {
          "type": "object",
          "title": "Feedback",
          "default": {},
          "properties": {
            "title": {
              "type": "string",
              "title": "Title",
              "description": "Leave blank to have the component's title shown instead",
              "default": "",
              "_adapt": {
                "translatable": true
              }
            },
            "correct": {
              "type": "string",
              "title": "Correct feedback",
              "description": "Correct answer feedback for this question",
              "default": "",
              "_adapt": {
                "translatable": true
              },
              "_backboneForms": "TextArea"
            },
	    "incorrect": {
              "type": "string",
              "title": "Incorrect feedback",
              "description": "Incorrect answer feedback for this question",
              "default": "",
              "_adapt": {
                "translatable": true
              },
              "_backboneForms": "TextArea"
            }
          }
        },
        "_buttons": {
          "type": "object",
          "title": "Button overrides",
          "default": {},
          "properties": {
            "_submit": {
              "type": "object",
              "title": "Submit",
              "default": {},
              "properties": {
                "buttonText": {
                  "type": "string",
                  "title": "Button text",
                  "default": "",
                  "_adapt": {
                    "translatable": true
                  }
                },
                "ariaLabel": {
                  "type": "string",
                  "title": "ARIA label",
                  "default": "",
                  "_adapt": {
                    "translatable": true
                  }
                }
              }
            },
            "_reset": {
              "type": "object",
              "title": "Reset",
              "default": {},
              "properties": {
                "buttonText": {
                  "type": "string",
                  "title": "Button text",
                  "default": "",
                  "_adapt": {
                    "translatable": true
                  }
                },
                "ariaLabel": {
                  "type": "string",
                  "title": "ARIA label",
                  "default": "",
                  "_adapt": {
                    "translatable": true
                  }
                }
              }
            },
	    "_showFeedback": {
              "type": "object",
              "title": "Show feedback",
              "default": {},
              "properties": {
                "buttonText": {
                  "type": "string",
                  "title": "Button text",
                  "default": "",
                  "_adapt": {
                    "translatable": true
                  }
                },
                "ariaLabel": {
                  "type": "string",
                  "title": "ARIA label",
                  "default": "",
                  "_adapt": {
                    "translatable": true
                  }
                }
              }
            }
          }
	},
	"_correctUnlock": {
          "type": "string",
          "title": "Unlock items if correct",
          "default": "",
          "_adapt": {
            "translatable": true
          }
        },
        "_incorrectUnlock": {
          "type": "string",
          "title": "Unlock items if incorrect",
          "default": "",
          "_adapt": {
            "translatable": true
          }
        }
      }
    }
  }
}
