{
  "12fc2107417907784eb2d244135ddf0861355013.jpeg": {
    "title": "coo.jpeg",
    "description": "wwedf",
    "tags": []
  },
  "1ade1405a7351c007b8db3209bfff9e0424c987a.png": {
    "title": "schema_detailed.png",
    "description": "eee",
    "tags": []
  },
  "6135b281bb7157bfc6984c8c67f696d49d3736aa.jpg": {
    "title": "Waterfalls_of_coo_belgium.jpg",
    "description": "df",
    "tags": []
  },
  "c3ee6359916a3ff12b04d9ed355ff74904abc64d.jpg": {
    "title": "schema.jpg",
    "description": "cxbcvxnxvbd",
    "tags": []
  }
}